type,seq,timestamp,taget_seq,taget,mac,rssi,rate,sig_mode,mcs,cwb,smoothing,not_sounding,aggregation,stbc,fec_coding,sgi,noise_floor,ampdu_cnt,channel_primary,channel_secondary,local_timestamp,ant,sig_len,rx_state,agc_gain,fft_gain,len,first_word_invalid,data,device_id
CSI_DATA,214642,2025-07-23 16:47:57.643,0,lie_down,00:00:00:00:00:00,-63,11,0,0,0,0,0,0,0,0,0,-97,0,1,0,2665127837,0,14,0,0,0,104,0,"[0, 0, 21, -70, -19, -44, -63, -22, -103, -8, -128, 1, -128, 3, -128, 1, -128, -4, -128, -12, -128, -23, -128, -35, -128, -46, -128, -51, -128, -52, -128, -49, -128, -39, -128, -24, -121, -6, -108, 15, -100, 35, -98, 54, -98, 70, -102, 80, -112, 84, -120, 85, 99, -29, 112, -24, 127, -16, 127, -8, 127, 1, 127, 10, 127, 18, 127, 22, 127, 22, 123, 14, 106, -2, 91, -21, 80, -42, 72, -70, 65, -104, 60, -128, 62, -128, 70, -128, 79, -128, 90, -128, 102, -128, 113, -128, 120, -128, 121, -128, 116, -128, 111, -128]",esp32_1
CSI_DATA,214644,2025-07-23 16:47:57.729,0,lie_down,00:00:00:00:00:00,-62,11,0,0,0,0,0,0,0,0,0,-97,0,1,0,2665147786,0,14,0,0,0,104,0,"[0, 0, -20, -49, -32, -9, -50, 29, -67, 59, -86, 84, -106, 106, -128, 121, -128, 127, -128, 127, -128, 127, -128, 123, -128, 115, -128, 102, -128, 89, -128, 79, -108, 72, -85, 70, -64, 73, -43, 78, -27, 85, -16, 93, -6, 102, -2, 111, -5, 121, -11, 126, 63, -61, 73, -63, 85, -65, 98, -64, 111, -61, 119, -55, 120, -47, 115, -39, 103, -33, 88, -34, 69, -41, 48, -49, 26, -57, 6, -72, -15, -93, -32, -118, -44, -128, -54, -128, -60, -128, -60, -128, -55, -128, -49, -128, -42, -128, -36, -128, -28, -128, -21, -128]",esp32_1
CSI_DATA,214645,2025-07-23 16:47:57.754,0,lie_down,00:00:00:00:00:00,-62,11,0,0,0,0,0,0,0,0,0,-97,0,1,0,2665157813,0,14,0,0,0,104,0,"[0, 0, -60, -23, -49, 17, -46, 56, -44, 93, -46, 126, -52, 127, -64, 127, -79, 127, -92, 127, -102, 127, -108, 127, -109, 127, -106, 127, -101, 127, -89, 127, -70, 124, -50, 111, -30, 104, -10, 101, 7, 101, 22, 105, 32, 111, 35, 118, 32, 126, 28, 127, 5, -91, 9, -102, 16, -114, 26, -124, 39, -128, 49, -128, 56, -122, 57, -113, 52, -102, 39, -91, 23, -82, 2, -74, -23, -67, -52, -65, -80, -71, -105, -82, -128, -95, -128, -108, -128, -118, -128, -127, -128, -128, -128, -128, -128, -128, -128, -128, -128, -128, -123, -128]",esp32_1
CSI_DATA,214646,2025-07-23 16:47:57.785,0,lie_down,00:00:00:00:00:00,-61,11,0,0,0,0,0,0,0,0,0,-97,0,1,0,2665167795,0,14,0,0,0,104,0,"[0, 0, -19, -60, -40, -32, -65, -6, -92, 14, -117, 27, -128, 35, -128, 39, -128, 37, -128, 31, -128, 24, -128, 18, -128, 11, -128, 6, -128, 2, -128, 3, -127, 9, -110, 18, -95, 29, -83, 42, -76, 54, -74, 64, -75, 73, -78, 79, -86, 82, -90, 81, 59, -59, 70, -60, 83, -60, 95, -58, 105, -54, 111, -48, 111, -41, 106, -35, 96, -30, 82, -31, 66, -39, 47, -48, 30, -60, 15, -77, 2, -99, -10, -125, -15, -128, -16, -128, -15, -128, -10, -128, -3, -128, 7, -128, 17, -128, 23, -128, 25, -128, 24, -128]",esp32_1
CSI_DATA,214647,2025-07-23 16:47:57.805,0,lie_down,00:00:00:00:00:00,-61,11,0,0,0,0,0,0,0,0,0,-97,0,1,0,2665197904,0,14,0,0,0,104,0,"[0, 0, -14, 73, 19, 59, 52, 50, 79, 50, 104, 52, 127, 55, 127, 61, 127, 69, 127, 77, 127, 84, 127, 91, 127, 96, 127, 96, 127, 92, 122, 84, 110, 72, 100, 59, 95, 45, 95, 31, 95, 20, 99, 13, 104, 7, 108, 4, 112, 6, 115, 11, -67, 49, -79, 48, -92, 44, -103, 39, -112, 34, -115, 27, -113, 18, -108, 12, -98, 12, -87, 19, -72, 30, -59, 43, -50, 61, -44, 81, -38, 102, -37, 124, -42, 127, -51, 127, -62, 127, -74, 127, -84, 127, -93, 127, -97, 127, -95, 127, -89, 127, -83, 127]",esp32_1
CSI_DATA,214648,2025-07-23 16:47:57.838,0,lie_down,00:00:00:00:00:00,-61,11,0,0,0,0,0,0,0,0,0,-97,0,1,0,2665198612,0,14,0,0,0,104,0,"[0, 0, 70, 2, 55, -28, 47, -59, 40, -89, 37, -114, 38, -128, 45, -128, 56, -128, 66, -128, 75, -128, 81, -128, 83, -128, 84, -128, 82, -128, 74, -128, 61, -120, 50, -109, 36, -103, 22, -100, 9, -99, -1, -102, -6, -107, -7, -111, -4, -114, 1, -115, 47, 64, 49, 74, 48, 88, 45, 99, 39, 109, 30, 113, 21, 114, 16, 110, 16, 99, 20, 86, 29, 73, 43, 58, 62, 44, 85, 35, 106, 30, 125, 32, 127, 36, 127, 41, 127, 47, 127, 55, 127, 65, 127, 76, 127, 84, 127, 83, 127, 79, 127, 76]",esp32_1
CSI_DATA,214649,2025-07-23 16:47:57.870,0,lie_down,00:00:00:00:00:00,-61,11,0,0,0,0,0,0,0,0,0,-97,0,1,0,2665198923,0,14,0,0,0,104,0,"[0, 0, 61, 36, 59, 1, 66, -32, 74, -61, 83, -83, 95, -102, 112, -116, 127, -126, 127, -128, 127, -125, 127, -121, 127, -115, 127, -105, 127, -95, 125, -86, 109, -79, 93, -76, 79, -77, 66, -82, 54, -87, 45, -93, 42, -98, 44, -102, 50, -104, 54, -104, 17, 79, 14, 91, 9, 101, 1, 108, -9, 114, -20, 116, -29, 113, -31, 106, -26, 95, -16, 85, -1, 79, 16, 73, 36, 67, 58, 66, 81, 73, 101, 84, 120, 99, 127, 113, 127, 123, 127, 127, 127, 127, 127, 127, 127, 127, 125, 127, 110, 127, 98, 127]",esp32_1
CSI_DATA,214650,2025-07-23 16:47:57.901,0,lie_down,00:00:00:00:00:00,-62,11,0,0,0,0,0,0,0,0,0,-97,0,1,0,2665207798,0,14,0,0,0,104,0,"[0, 0, 68, -20, 43, -41, 26, -65, 14, -93, 5, -119, -2, -128, -4, -128, -1, -128, 5, -128, 12, -128, 19, -128, 25, -128, 29, -128, 29, -128, 24, -128, 18, -128, 11, -118, 3, -108, -7, -100, -19, -96, -29, -96, -37, -97, -39, -99, -38, -102, -35, -105, 65, 42, 70, 52, 75, 64, 77, 77, 75, 89, 66, 96, 55, 98, 49, 96, 48, 87, 49, 73, 52, 56, 60, 40, 75, 24, 93, 9, 111, -3, 127, -10, 127, -13, 127, -14, 127, -12, 127, -5, 127, 4, 127, 12, 127, 19, 127, 24, 127, 26, 127, 28]",esp32_1
CSI_DATA,214652,2025-07-23 16:47:57.986,0,lie_down,00:00:00:00:00:00,-61,11,0,0,0,0,0,0,0,0,0,-97,0,1,0,2665236475,0,14,0,0,0,104,0,"[0, 0, -60, -53, -66, -22, -77, 5, -92, 30, -108, 50, -124, 64, -128, 73, -128, 75, -128, 74, -128, 72, -128, 69, -128, 64, -128, 56, -128, 49, -128, 45, -128, 43, -112, 44, -100, 48, -91, 54, -84, 62, -79, 67, -76, 71, -78, 75, -82, 76, -86, 75, -12, -82, -7, -92, 0, -103, 9, -111, 20, -117, 31, -118, 39, -114, 42, -108, 39, -99, 29, -90, 13, -83, -6, -79, -26, -76, -48, -81, -68, -93, -86, -108, -103, -126, -116, -128, -122, -128, -122, -128, -117, -128, -110, -128, -103, -128, -92, -128, -78, -128, -67, -128]",esp32_1
CSI_DATA,214653,2025-07-23 16:47:58.018,0,lie_down,00:00:00:00:00:00,-61,11,0,0,0,0,0,0,0,0,0,-97,0,1,0,2665237813,0,14,0,0,0,104,0,"[0, 0, 68, -38, 39, -57, 18, -78, 1, -102, -12, -125, -19, -128, -21, -128, -19, -128, -15, -128, -11, -128, -7, -128, -2, -128, 3, -128, 8, -128, 7, -128, 2, -128, -4, -124, -11, -113, -20, -105, -31, -100, -42, -99, -48, -98, -50, -99, -48, -103, -44, -107, 76, 23, 84, 31, 94, 43, 101, 55, 101, 67, 94, 77, 86, 83, 79, 82, 74, 75, 72, 62, 71, 45, 73, 27, 83, 8, 99, -11, 115, -27, 127, -41, 127, -50, 127, -55, 127, -55, 127, -49, 127, -41, 127, -32, 127, -22, 127, -17, 127, -12, 127, -7]",esp32_1
CSI_DATA,214654,2025-07-23 16:47:58.037,0,lie_down,00:00:00:00:00:00,-61,11,0,0,0,0,0,0,0,0,0,-97,0,1,0,2665247786,0,14,0,0,0,104,0,"[0, 0, 14, 78, 40, 56, 70, 38, 96, 28, 118, 21, 127, 18, 127, 19, 127, 22, 127, 27, 127, 34, 127, 41, 127, 45, 127, 48, 127, 47, 127, 42, 127, 34, 121, 23, 114, 12, 110, 2, 107, -9, 107, -16, 109, -19, 111, -21, 116, -21, 119, -20, -40, 75, -51, 79, -63, 82, -76, 85, -91, 86, -100, 82, -102, 74, -101, 65, -93, 58, -80, 56, -61, 61, -43, 67, -28, 76, -14, 93, 0, 116, 12, 127, 15, 127, 12, 127, 8, 127, -1, 127, -12, 127, -22, 127, -30, 127, -35, 127, -36, 127, -33, 127]",esp32_1
CSI_DATA,214655,2025-07-23 16:47:58.057,0,lie_down,00:00:00:00:00:00,-61,11,0,0,0,0,0,0,0,0,0,-97,0,1,0,2665257776,0,14,0,0,0,104,0,"[0, 0, -27, 76, 7, 73, 40, 74, 66, 80, 88, 90, 107, 100, 121, 108, 127, 116, 127, 124, 127, 127, 127, 127, 122, 127, 114, 127, 105, 126, 97, 115, 91, 102, 88, 88, 88, 75, 92, 65, 95, 56, 98, 51, 102, 50, 102, 50, 102, 54, 102, 58, -67, 47, -79, 46, -95, 42, -109, 38, -119, 32, -123, 25, -121, 17, -115, 8, -105, 6, -95, 10, -81, 21, -68, 36, -63, 54, -61, 77, -58, 103, -60, 127, -68, 127, -82, 127, -97, 127, -112, 127, -125, 127, -128, 127, -128, 127, -128, 127, -126, 127, -115, 123]",esp32_1
CSI_DATA,214656,2025-07-23 16:47:58.085,0,lie_down,00:00:00:00:00:00,-61,11,0,0,0,0,0,0,0,0,0,-97,0,1,0,2665267805,0,14,0,0,0,104,0,"[0, 0, -23, -67, -45, -43, -71, -24, -93, -12, -114, -3, -128, 3, -128, 5, -128, 5, -128, 1, -128, -2, -128, -4, -128, -6, -128, -8, -128, -9, -128, -7, -128, -1, -120, 7, -113, 16, -108, 25, -103, 33, -101, 37, -102, 41, -103, 44, -106, 43, -108, 41, 35, -70, 46, -75, 60, -79, 72, -81, 84, -81, 92, -75, 94, -68, 92, -62, 85, -55, 72, -51, 54, -56, 35, -63, 17, -73, 1, -90, -12, -112, -23, -128, -30, -128, -29, -128, -23, -128, -16, -128, -6, -128, 5, -128, 13, -128, 19, -128, 22, -128, 22, -128]",esp32_1
CSI_DATA,214657,2025-07-23 16:47:58.106,0,lie_down,00:00:00:00:00:00,-62,11,0,0,0,0,0,0,0,0,0,-97,0,1,0,2665277769,0,14,0,0,0,104,0,"[0, 0, 61, -39, 31, -54, 9, -73, -9, -95, -23, -115, -33, -128, -40, -128, -42, -128, -40, -128, -36, -128, -32, -128, -29, -128, -27, -128, -26, -128, -28, -128, -29, -128, -30, -119, -35, -111, -42, -105, -51, -100, -56, -98, -59, -98, -60, -98, -57, -100, -55, -101, 71, 12, 81, 18, 93, 29, 101, 42, 103, 54, 97, 64, 88, 69, 80, 69, 73, 63, 68, 51, 65, 34, 67, 14, 77, -6, 91, -27, 105, -46, 120, -61, 127, -72, 127, -77, 127, -77, 127, -71, 127, -63, 127, -52, 127, -39, 127, -28, 127, -20, 127, -14]",esp32_1
CSI_DATA,214658,2025-07-23 16:47:58.128,0,lie_down,00:00:00:00:00:00,-62,11,0,0,0,0,0,0,0,0,0,-97,0,1,0,2665290083,0,14,0,0,0,104,0,"[0, 0, 50, -55, 18, -64, -8, -75, -29, -91, -46, -105, -60, -118, -71, -128, -79, -128, -82, -128, -82, -128, -82, -128, -79, -128, -75, -128, -71, -128, -69, -128, -67, -122, -66, -112, -68, -104, -70, -97, -73, -90, -76, -86, -80, -84, -79, -82, -77, -84, -75, -86, 72, -11, 82, -7, 97, 1, 107, 12, 111, 23, 108, 32, 101, 38, 94, 40, 86, 37, 79, 26, 71, 8, 67, -12, 73, -32, 83, -52, 93, -74, 102, -93, 118, -109, 127, -120, 127, -123, 127, -121, 127, -115, 127, -106, 127, -94, 127, -82, 127, -69, 127, -60]",esp32_1
CSI_DATA,214659,2025-07-23 16:47:58.148,0,lie_down,00:00:00:00:00:00,-62,11,0,0,0,0,0,0,0,0,0,-97,0,1,0,2665297807,0,14,0,0,0,104,0,"[0, 0, 42, -66, 12, -67, -15, -71, -39, -81, -57, -93, -74, -103, -89, -111, -99, -118, -103, -125, -105, -128, -106, -128, -104, -128, -99, -128, -94, -128, -90, -125, -86, -115, -82, -106, -81, -96, -82, -88, -83, -82, -85, -80, -87, -77, -85, -75, -83, -75, -82, -77, 65, -27, 76, -26, 92, -21, 105, -13, 113, -3, 113, 5, 107, 13, 100, 17, 93, 16, 85, 8, 75, -7, 68, -24, 68, -43, 71, -65, 75, -88, 81, -110, 96, -128, 114, -128, 127, -128, 127, -128, 127, -128, 127, -128, 127, -128, 127, -115, 127, -98, 127, -86]",esp32_1
CSI_DATA,214660,2025-07-23 16:47:58.176,0,lie_down,00:00:00:00:00:00,-61,11,0,0,0,0,0,0,0,0,0,-97,0,1,0,2665322300,0,14,0,0,0,104,0,"[0, 0, 24, 79, 40, 52, 60, 27, 78, 7, 96, -7, 114, -20, 127, -30, 127, -36, 127, -38, 127, -37, 127, -35, 127, -30, 127, -24, 127, -20, 127, -17, 127, -14, 127, -12, 127, -13, 127, -16, 126, -20, 117, -23, 113, -27, 111, -30, 111, -29, 109, -26, -14, 71, -20, 77, -31, 85, -43, 92, -53, 95, -62, 96, -67, 91, -66, 84, -60, 78, -49, 74, -32, 77, -13, 82, 5, 87, 20, 99, 33, 117, 44, 127, 52, 127, 56, 127, 55, 127, 47, 127, 39, 127, 30, 127, 22, 127, 15, 127, 10, 127, 7, 127]",esp32_1
CSI_DATA,214661,2025-07-23 16:47:58.200,0,lie_down,00:00:00:00:00:00,-62,11,0,0,0,0,0,0,0,0,0,-97,0,1,0,2665345193,0,14,0,0,0,104,0,"[0, 0, 50, -90, 15, -73, -21, -59, -56, -53, -92, -51, -126, -52, -128, -58, -128, -65, -128, -75, -128, -88, -128, -100, -128, -110, -128, -118, -128, -124, -128, -125, -128, -120, -128, -109, -128, -99, -128, -87, -126, -74, -122, -63, -121, -51, -122, -40, -125, -38, -127, -39, 67, -45, 81, -48, 98, -46, 113, -43, 127, -40, 127, -34, 127, -26, 127, -21, 126, -20, 116, -24, 102, -36, 89, -50, 84, -65, 82, -87, 78, -114, 76, -128, 82, -128, 93, -128, 104, -128, 116, -128, 127, -128, 127, -128, 127, -128, 127, -128, 127, -128, 127, -128]",esp32_1
CSI_DATA,214662,2025-07-23 16:47:58.220,0,lie_down,00:00:00:00:00:00,-62,11,0,0,0,0,0,0,0,0,0,-97,0,1,0,2665377449,0,14,0,0,0,104,0,"[0, 0, 71, -53, 26, -47, -18, -46, -52, -54, -83, -63, -125, -77, -128, -93, -128, -108, -128, -127, -128, -128, -128, -128, -128, -128, -128, -128, -128, -128, -128, -128, -128, -128, -116, -124, -104, -103, -101, -82, -101, -62, -103, -43, -109, -29, -115, -21, -121, -16, -127, -15, 81, 16, 94, 24, 107, 37, 117, 52, 125, 66, 125, 75, 121, 83, 115, 88, 109, 86, 102, 75, 93, 57, 89, 37, 92, 16, 99, -11, 105, -39, 112, -69, 127, -96, 127, -118, 127, -128, 127, -128, 127, -128, 127, -128, 127, -128, 127, -126, 127, -109, 127, -93]",esp32_1
CSI_DATA,214663,2025-07-23 16:47:58.240,0,lie_down,00:00:00:00:00:00,-62,11,0,0,0,0,0,0,0,0,0,-97,0,1,0,2665414490,0,14,0,0,0,104,0,"[0, 0, 6, 50, 35, 19, 67, -7, 94, -25, 118, -40, 127, -51, 127, -58, 127, -63, 127, -62, 127, -58, 127, -54, 127, -51, 127, -46, 127, -42, 127, -39, 127, -38, 107, -44, 88, -54, 71, -62, 56, -71, 45, -81, 40, -90, 38, -100, 40, -107, 41, -110, -86, 17, -97, 15, -110, 8, -122, 1, -128, -7, -128, -17, -128, -24, -117, -27, -103, -26, -88, -20, -70, -5, -51, 13, -36, 35, -25, 61, -16, 92, -11, 126, -12, 127, -16, 127, -21, 127, -30, 127, -40, 127, -51, 127, -60, 127, -63, 127, -60, 127, -55, 127]",esp32_1
CSI_DATA,214664,2025-07-23 16:47:58.262,0,lie_down,00:00:00:00:00:00,-61,11,0,0,0,0,0,0,0,0,0,-97,0,1,0,2665462906,0,14,0,0,0,104,0,"[0, 0, -71, -6, -62, 24, -59, 52, -55, 81, -48, 106, -47, 125, -49, 127, -55, 127, -68, 127, -77, 127, -76, 127, -70, 127, -60, 127, -51, 127, -43, 127, -34, 127, -24, 125, -13, 122, -1, 122, 8, 120, 12, 120, 8, 125, -2, 126, -8, 122, -9, 118, -17, -81, -14, -89, -12, -100, -7, -107, 2, -109, 9, -106, 10, -99, 7, -88, -1, -74, -15, -63, -30, -56, -52, -49, -80, -44, -107, -44, -128, -48, -128, -56, -128, -70, -128, -88, -128, -99, -128, -104, -128, -110, -128, -120, -128, -128, -128, -128, -128, -121, -111, -106]",esp32_1
CSI_DATA,214665,2025-07-23 16:47:58.288,0,lie_down,00:00:00:00:00:00,-61,11,0,0,0,0,0,0,0,0,0,-97,0,1,0,2665488294,0,14,0,0,0,104,0,"[0, 0, -69, 58, -39, 64, -11, 71, 14, 83, 35, 95, 52, 106, 67, 117, 77, 127, 83, 127, 87, 127, 90, 127, 89, 127, 85, 127, 79, 127, 74, 127, 70, 127, 65, 127, 60, 127, 59, 126, 60, 120, 61, 116, 62, 112, 60, 108, 57, 107, 52, 106, -73, 12, -80, 10, -92, 7, -101, 2, -105, -2, -102, -7, -98, -9, -93, -7, -90, -1, -88, 12, -84, 29, -85, 48, -94, 66, -106, 84, -117, 101, -128, 113, -128, 125, -128, 127, -128, 127, -128, 127, -128, 119, -128, 109, -128, 100, -128, 91, -128, 79, -128, 67]",esp32_1
CSI_DATA,214666,2025-07-23 16:47:58.305,0,lie_down,00:00:00:00:00:00,-61,11,0,0,0,0,0,0,0,0,0,-97,0,1,0,2665535896,0,14,0,0,0,104,0,"[0, 0, -85, -6, -59, 10, -35, 28, -14, 52, 5, 78, 20, 102, 29, 124, 34, 127, 32, 127, 26, 127, 20, 127, 12, 127, 2, 127, -9, 127, -15, 127, -20, 127, -23, 127, -23, 127, -19, 127, -13, 118, -5, 110, 3, 105, 10, 101, 15, 98, 17, 96, -49, -30, -57, -37, -68, -46, -77, -56, -81, -66, -80, -74, -78, -79, -77, -82, -78, -82, -80, -80, -80, -72, -83, -62, -93, -52, -107, -42, -121, -32, -128, -22, -128, -16, -128, -13, -128, -13, -128, -15, -128, -19, -128, -24, -128, -31, -128, -34, -128, -37, -128, -41]",esp32_1
CSI_DATA,214667,2025-07-23 16:47:58.333,0,lie_down,00:00:00:00:00:00,-61,11,0,0,0,0,0,0,0,0,0,-97,0,1,0,2665562338,0,14,0,0,0,104,0,"[0, 0, 77, -11, 44, -21, 11, -34, -21, -53, -50, -74, -76, -96, -94, -117, -106, -128, -112, -128, -115, -128, -114, -128, -107, -128, -93, -128, -78, -128, -66, -128, -55, -128, -44, -128, -39, -128, -40, -119, -44, -99, -52, -84, -60, -73, -67, -65, -74, -62, -78, -62, 49, 34, 57, 45, 67, 57, 75, 69, 78, 83, 75, 93, 71, 98, 68, 102, 66, 100, 66, 92, 65, 80, 68, 66, 80, 51, 95, 35, 108, 20, 119, 7, 127, -3, 127, -12, 127, -18, 127, -20, 127, -21, 127, -18, 127, -14, 127, -12, 127, -7, 127, -1]",esp32_1
CSI_DATA,214668,2025-07-23 16:47:58.353,0,lie_down,00:00:00:00:00:00,-61,11,0,0,0,0,0,0,0,0,0,-97,0,1,0,2665590974,0,14,0,0,0,104,0,"[0, 0, 67, -15, 29, -22, -8, -32, -43, -50, -74, -67, -102, -85, -125, -104, -128, -123, -128, -128, -128, -128, -128, -128, -128, -128, -128, -128, -117, -128, -100, -128, -86, -128, -74, -123, -67, -102, -65, -80, -67, -58, -73, -39, -80, -25, -87, -14, -94, -8, -100, -8, 44, 49, 49, 60, 55, 76, 57, 93, 55, 106, 50, 113, 42, 116, 37, 117, 36, 112, 35, 102, 36, 86, 43, 67, 57, 49, 74, 31, 89, 13, 105, -5, 126, -19, 127, -30, 127, -35, 127, -36, 127, -36, 127, -35, 127, -33, 127, -29, 127, -22, 127, -16]",esp32_1
CSI_DATA,214669,2025-07-23 16:47:58.380,0,lie_down,00:00:00:00:00:00,-62,11,0,0,0,0,0,0,0,0,0,-97,0,1,0,2665613368,0,14,0,0,0,104,0,"[0, 0, 58, -1, 20, -21, -16, -41, -49, -66, -77, -93, -99, -118, -117, -128, -128, -128, -128, -128, -128, -128, -128, -128, -124, -128, -111, -128, -95, -128, -82, -128, -72, -128, -64, -110, -61, -84, -62, -61, -67, -38, -77, -18, -87, -2, -95, 7, -103, 9, -111, 11, 11, 76, 8, 90, 2, 108, -5, 124, -15, 127, -25, 127, -34, 127, -41, 126, -39, 117, -31, 103, -22, 86, -5, 68, 20, 52, 48, 39, 75, 28, 101, 17, 127, 10, 127, 8, 127, 11, 127, 15, 127, 19, 127, 24, 127, 28, 127, 30, 127, 32, 127, 34]",esp32_1
CSI_DATA,214670,2025-07-23 16:47:58.400,0,lie_down,00:00:00:00:00:00,-62,11,0,0,0,0,0,0,0,0,0,-97,0,1,0,2665659142,0,14,0,0,0,104,0,"[0, 0, -10, 35, 25, 15, 60, -2, 90, -12, 119, -20, 127, -26, 127, -31, 127, -36, 127, -36, 127, -32, 127, -28, 127, -26, 127, -25, 127, -25, 127, -27, 104, -31, 80, -37, 59, -47, 42, -60, 28, -72, 19, -83, 12, -94, 8, -101, 8, -107, 9, -112, -69, -48, -72, -60, -75, -75, -76, -89, -74, -100, -68, -106, -59, -106, -49, -101, -40, -91, -33, -73, -28, -47, -27, -19, -29, 7, -37, 37, -47, 70, -60, 101, -75, 127, -92, 127, -108, 127, -121, 127, -128, 127, -128, 127, -128, 127, -128, 127, -119, 127, -107, 110]",esp32_1
CSI_DATA,214671,2025-07-23 16:47:58.425,0,lie_down,00:00:00:00:00:00,-61,11,0,0,0,0,0,0,0,0,0,-97,0,1,0,2665673556,0,14,0,0,0,104,0,"[0, 0, -32, 37, 5, 53, 42, 68, 67, 84, 88, 101, 108, 116, 122, 127, 127, 127, 127, 127, 127, 127, 127, 127, 122, 127, 115, 127, 107, 111, 100, 91, 94, 68, 88, 46, 85, 25, 88, 5, 91, -10, 96, -22, 103, -31, 109, -36, 115, -36, 117, -34, -44, -81, -40, -94, -33, -108, -26, -120, -18, -128, -10, -128, -1, -125, 8, -114, 11, -98, 5, -76, -7, -50, -22, -23, -41, -1, -67, 18, -97, 36, -128, 52, -128, 60, -128, 62, -128, 59, -128, 53, -128, 45, -128, 36, -128, 30, -128, 25, -128, 19, -128, 14]",esp32_1
CSI_DATA,214672,2025-07-23 16:47:58.446,0,lie_down,00:00:00:00:00:00,-61,11,0,0,0,0,0,0,0,0,0,-97,0,1,0,2665732745,0,14,0,0,0,104,0,"[0, 0, -47, 77, -27, 90, -5, 103, 14, 119, 27, 127, 38, 127, 47, 127, 52, 127, 51, 127, 49, 127, 50, 127, 54, 127, 57, 127, 56, 127, 56, 127, 58, 125, 62, 115, 66, 110, 71, 103, 75, 97, 76, 94, 73, 94, 70, 95, 68, 97, 67, 98, -86, -19, -93, -27, -97, -40, -98, -52, -92, -61, -81, -63, -69, -57, -60, -48, -52, -34, -48, -12, -48, 12, -56, 36, -75, 58, -99, 81, -121, 98, -128, 106, -128, 109, -128, 107, -128, 102, -128, 97, -128, 87, -128, 71, -128, 57, -128, 46, -128, 42, -128, 42]",esp32_1
CSI_DATA,214673,2025-07-23 16:47:58.468,0,lie_down,00:00:00:00:00:00,-61,11,0,0,0,0,0,0,0,0,0,-97,0,1,0,2665757657,0,14,0,0,0,104,0,"[0, 0, 105, -60, 89, -82, 81, -101, 72, -120, 61, -128, 51, -128, 44, -128, 40, -128, 40, -128, 40, -128, 40, -128, 40, -128, 39, -128, 40, -128, 40, -128, 44, -128, 47, -128, 45, -128, 42, -128, 36, -128, 29, -128, 26, -128, 24, -128, 26, -128, 30, -128, 93, 24, 98, 33, 104, 44, 104, 54, 99, 64, 89, 70, 78, 68, 71, 59, 70, 42, 77, 22, 87, 1, 102, -19, 126, -37, 127, -48, 127, -55, 127, -58, 127, -54, 127, -45, 127, -30, 127, -15, 127, -3, 127, 9, 127, 18, 127, 17, 127, 12, 127, 8]",esp32_1
CSI_DATA,214674,2025-07-23 16:47:58.494,0,lie_down,00:00:00:00:00:00,-61,11,0,0,0,0,0,0,0,0,0,-97,0,1,0,2665793838,0,14,0,0,0,104,0,"[0, 0, -1, -113, -19, -101, -39, -89, -60, -81, -79, -75, -98, -70, -117, -69, -128, -70, -128, -75, -128, -83, -128, -94, -128, -104, -128, -112, -128, -120, -128, -123, -128, -121, -120, -118, -109, -111, -101, -101, -95, -90, -92, -81, -93, -74, -94, -69, -95, -69, -95, -71, 27, -76, 37, -81, 49, -84, 59, -85, 65, -84, 67, -80, 65, -74, 60, -72, 52, -73, 40, -78, 26, -89, 18, -103, 14, -118, 11, -128, 8, -128, 9, -128, 15, -128, 24, -128, 35, -128, 45, -128, 55, -128, 60, -128, 61, -128, 57, -128, 51, -128, 45, -128]",esp32_1
CSI_DATA,214675,2025-07-23 16:47:58.511,0,lie_down,00:00:00:00:00:00,-61,11,0,0,0,0,0,0,0,0,0,-97,0,1,0,2665818131,0,14,0,0,0,104,0,"[0, 0, 64, 78, 65, 53, 72, 28, 79, 6, 87, -15, 99, -35, 114, -52, 127, -67, 127, -79, 127, -82, 127, -78, 127, -69, 127, -57, 127, -48, 127, -37, 127, -24, 127, -15, 127, -10, 127, -11, 114, -16, 105, -22, 101, -28, 97, -34, 97, -38, 98, -38, 26, 65, 23, 74, 17, 85, 12, 92, 8, 98, 5, 99, 1, 98, 0, 95, 4, 93, 13, 92, 28, 90, 41, 88, 52, 90, 63, 95, 78, 104, 93, 113, 103, 126, 110, 127, 112, 127, 108, 127, 104, 127, 103, 127, 102, 127, 96, 127, 87, 127, 80, 127]",esp32_1
CSI_DATA,214676,2025-07-23 16:47:58.534,0,lie_down,00:00:00:00:00:00,-61,11,0,0,0,0,0,0,0,0,0,-97,0,1,0,2665850246,0,14,0,0,0,104,0,"[0, 0, -67, 106, -33, 97, 3, 92, 35, 93, 65, 97, 94, 103, 121, 113, 127, 126, 127, 127, 127, 127, 127, 127, 127, 127, 127, 127, 127, 127, 119, 127, 102, 127, 86, 127, 76, 127, 73, 127, 73, 119, 77, 106, 82, 95, 88, 90, 94, 91, 95, 94, -75, 57, -88, 56, -104, 53, -117, 49, -128, 44, -128, 38, -128, 31, -125, 28, -119, 32, -112, 41, -102, 55, -94, 70, -93, 86, -95, 109, -97, 127, -100, 127, -112, 127, -127, 127, -128, 127, -128, 127, -128, 127, -128, 127, -128, 127, -128, 127, -128, 127, -128, 127]",esp32_1
CSI_DATA,214677,2025-07-23 16:47:58.561,0,lie_down,00:00:00:00:00:00,-61,11,0,0,0,0,0,0,0,0,0,-97,0,1,0,2665890359,0,14,0,0,0,104,0,"[0, 0, -48, -90, -50, -61, -59, -33, -69, -5, -81, 19, -95, 40, -115, 56, -128, 67, -128, 74, -128, 79, -128, 78, -128, 71, -128, 58, -128, 43, -128, 30, -128, 20, -128, 13, -128, 10, -126, 12, -113, 17, -102, 23, -95, 33, -91, 41, -94, 45, -98, 48, -8, -73, -5, -81, -1, -91, 5, -100, 14, -107, 22, -109, 28, -108, 30, -106, 27, -103, 18, -99, 4, -99, -9, -98, -23, -96, -38, -102, -53, -113, -66, -128, -79, -128, -89, -128, -93, -128, -92, -128, -91, -128, -88, -128, -84, -128, -80, -128, -72, -128, -64, -128]",esp32_1
CSI_DATA,214678,2025-07-23 16:47:58.582,0,lie_down,00:00:00:00:00:00,-62,11,0,0,0,0,0,0,0,0,0,-97,0,1,0,2665925080,0,14,0,0,0,104,0,"[0, 0, 12, 104, 24, 65, 44, 27, 65, -6, 85, -34, 110, -61, 127, -82, 127, -96, 127, -101, 127, -99, 127, -93, 127, -83, 127, -70, 127, -56, 127, -43, 127, -34, 127, -29, 127, -29, 127, -34, 117, -43, 101, -52, 94, -62, 90, -72, 90, -81, 92, -84, -41, 77, -50, 84, -63, 90, -77, 94, -91, 98, -100, 97, -104, 92, -104, 87, -99, 83, -89, 81, -73, 86, -55, 90, -37, 94, -20, 106, -2, 127, 12, 127, 22, 127, 31, 127, 38, 127, 41, 127, 40, 127, 35, 127, 26, 127, 18, 127, 12, 127, 8, 127]",esp32_1
CSI_DATA,214679,2025-07-23 16:47:58.605,0,lie_down,00:00:00:00:00:00,-62,11,0,0,0,0,0,0,0,0,0,-97,0,1,0,2665949511,0,14,0,0,0,104,0,"[0, 0, 67, -39, 28, -39, -8, -41, -39, -48, -70, -60, -100, -75, -125, -89, -128, -104, -128, -121, -128, -128, -128, -128, -128, -128, -128, -128, -128, -128, -114, -128, -99, -128, -85, -118, -76, -99, -74, -81, -77, -62, -83, -47, -90, -34, -95, -26, -101, -24, -105, -24, 76, 17, 84, 26, 93, 40, 98, 54, 103, 66, 101, 73, 95, 78, 89, 80, 84, 76, 79, 66, 74, 47, 73, 27, 80, 9, 88, -8, 98, -30, 110, -54, 127, -74, 127, -87, 127, -93, 127, -96, 127, -98, 127, -98, 127, -95, 127, -87, 127, -73, 127, -61]",esp32_1
CSI_DATA,214682,2025-07-23 16:47:58.706,0,lie_down,00:00:00:00:00:00,-62,11,0,0,0,0,0,0,0,0,0,-97,0,1,0,2666055153,0,14,0,0,0,104,0,"[0, 0, 48, 32, 40, -5, 40, -44, 43, -79, 48, -110, 55, -128, 67, -128, 82, -128, 92, -128, 99, -128, 106, -128, 110, -128, 113, -128, 111, -128, 100, -128, 85, -117, 68, -104, 49, -96, 28, -93, 9, -92, -6, -93, -18, -97, -24, -103, -25, -111, -22, -117, -15, 84, -21, 92, -31, 100, -43, 107, -54, 110, -63, 108, -69, 104, -69, 97, -63, 86, -48, 77, -29, 74, -7, 71, 18, 68, 44, 72, 69, 81, 89, 93, 109, 109, 127, 124, 127, 127, 127, 127, 127, 127, 127, 127, 127, 127, 125, 127, 109, 127, 95, 127]",esp32_1
CSI_DATA,214683,2025-07-23 16:47:58.732,0,lie_down,00:00:00:00:00:00,-61,11,0,0,0,0,0,0,0,0,0,-97,0,1,0,2666076229,0,14,0,0,0,104,0,"[0, 0, -18, 60, 16, 42, 52, 29, 84, 25, 112, 22, 127, 20, 127, 24, 127, 29, 127, 35, 127, 43, 127, 53, 127, 59, 127, 63, 127, 62, 127, 57, 127, 47, 113, 34, 100, 20, 92, 5, 88, -12, 88, -26, 91, -37, 93, -44, 100, -46, 106, -45, -82, 24, -92, 19, -104, 11, -115, 3, -122, -4, -123, -11, -118, -17, -109, -19, -99, -16, -90, -8, -78, 8, -67, 26, -60, 42, -55, 64, -52, 92, -54, 118, -59, 127, -68, 127, -79, 127, -90, 127, -99, 127, -107, 127, -113, 127, -112, 127, -104, 127, -95, 127]",esp32_1
CSI_DATA,214684,2025-07-23 16:47:58.758,0,lie_down,00:00:00:00:00:00,-61,11,0,0,0,0,0,0,0,0,0,-97,0,1,0,2666110206,0,14,0,0,0,104,0,"[0, 0, 59, -3, 33, -31, 15, -60, -2, -89, -15, -117, -21, -128, -22, -128, -17, -128, -10, -128, -5, -128, 0, -128, 6, -128, 14, -128, 20, -128, 19, -128, 13, -128, 6, -126, -4, -112, -17, -102, -31, -94, -44, -89, -55, -87, -60, -89, -60, -97, -59, -102, 49, 67, 50, 77, 50, 90, 48, 101, 42, 111, 32, 116, 24, 114, 20, 107, 20, 95, 25, 81, 35, 68, 50, 53, 68, 37, 89, 24, 112, 17, 127, 14, 127, 15, 127, 16, 127, 19, 127, 27, 127, 36, 127, 45, 127, 54, 127, 56, 127, 55, 127, 54]",esp32_1
CSI_DATA,214685,2025-07-23 16:47:58.779,0,lie_down,00:00:00:00:00:00,-62,11,0,0,0,0,0,0,0,0,0,-97,0,1,0,2666149351,0,14,0,0,0,104,0,"[0, 0, 36, 44, 40, 9, 51, -24, 64, -52, 77, -74, 90, -95, 107, -111, 124, -120, 127, -124, 127, -126, 127, -124, 127, -118, 127, -106, 127, -95, 127, -86, 114, -78, 98, -72, 83, -72, 68, -75, 53, -79, 42, -85, 36, -90, 34, -95, 38, -101, 43, -103, -20, 76, -26, 84, -34, 92, -44, 96, -54, 98, -62, 96, -66, 90, -63, 83, -54, 76, -40, 71, -24, 70, -4, 71, 17, 74, 38, 82, 56, 94, 71, 110, 85, 127, 97, 127, 104, 127, 104, 127, 100, 127, 93, 127, 85, 127, 76, 127, 64, 127, 56, 127]",esp32_1
CSI_DATA,214686,2025-07-23 16:47:58.801,0,lie_down,00:00:00:00:00:00,-62,11,0,0,0,0,0,0,0,0,0,-97,0,1,0,2666195010,0,14,0,0,0,104,0,"[0, 0, 51, 36, 47, -4, 52, -41, 58, -75, 66, -104, 77, -128, 91, -128, 108, -128, 121, -128, 127, -128, 127, -128, 127, -128, 127, -128, 127, -128, 121, -128, 105, -117, 88, -107, 72, -104, 56, -104, 40, -104, 28, -108, 20, -113, 18, -117, 21, -121, 24, -124, 2, 88, -4, 98, -13, 109, -23, 117, -32, 119, -42, 117, -48, 111, -46, 103, -38, 93, -24, 84, -7, 81, 15, 77, 40, 75, 66, 79, 89, 89, 109, 103, 127, 120, 127, 127, 127, 127, 127, 127, 127, 127, 127, 127, 127, 127, 127, 127, 110, 127, 95, 127]",esp32_1
CSI_DATA,214687,2025-07-23 16:47:58.826,0,lie_down,00:00:00:00:00:00,-62,11,0,0,0,0,0,0,0,0,0,-97,0,1,0,2666222871,0,14,0,0,0,104,0,"[0, 0, -20, 54, 15, 42, 47, 34, 75, 34, 101, 38, 125, 41, 127, 47, 127, 51, 127, 56, 127, 64, 127, 71, 127, 76, 127, 79, 127, 77, 127, 70, 122, 60, 111, 47, 104, 33, 100, 18, 98, 7, 99, -2, 101, -9, 104, -12, 108, -13, 110, -11, -77, 17, -87, 13, -96, 5, -104, -3, -109, -12, -108, -18, -103, -21, -95, -20, -86, -14, -77, -3, -67, 14, -59, 33, -57, 52, -60, 74, -63, 97, -68, 119, -79, 127, -92, 127, -104, 127, -115, 127, -124, 127, -128, 127, -128, 127, -128, 127, -119, 123, -108, 106]",esp32_1
CSI_DATA,214688,2025-07-23 16:47:58.847,0,lie_down,00:00:00:00:00:00,-61,11,0,0,0,0,0,0,0,0,0,-97,0,1,0,2666247790,0,14,0,0,0,104,0,"[0, 0, -44, 39, -10, 44, 22, 51, 51, 66, 75, 81, 95, 95, 112, 109, 121, 119, 123, 127, 122, 127, 119, 127, 114, 127, 107, 127, 98, 127, 89, 127, 81, 112, 76, 95, 76, 80, 80, 66, 84, 54, 90, 45, 96, 41, 101, 40, 103, 41, 104, 44, -78, -15, -85, -23, -93, -36, -99, -48, -100, -56, -95, -61, -86, -61, -78, -59, -72, -52, -69, -38, -66, -21, -67, -1, -77, 19, -91, 40, -102, 60, -114, 77, -128, 90, -128, 101, -128, 105, -128, 104, -128, 100, -128, 94, -128, 84, -128, 73, -128, 61, -128, 50]",esp32_1
CSI_DATA,214689,2025-07-23 16:47:58.871,0,lie_down,00:00:00:00:00:00,-61,11,0,0,0,0,0,0,0,0,0,-97,0,1,0,2666280375,0,14,0,0,0,104,0,"[0, 0, -24, -56, -39, -25, -60, 3, -81, 24, -102, 42, -122, 56, -128, 66, -128, 71, -128, 71, -128, 68, -128, 62, -128, 57, -128, 52, -128, 48, -128, 45, -128, 43, -122, 43, -107, 47, -95, 54, -85, 63, -78, 70, -75, 77, -74, 82, -78, 85, -83, 84, 45, -67, 56, -71, 67, -72, 78, -72, 88, -70, 92, -65, 90, -58, 85, -52, 74, -48, 59, -50, 42, -58, 23, -67, 6, -79, -9, -98, -22, -119, -33, -128, -39, -128, -41, -128, -41, -128, -36, -128, -28, -128, -17, -128, -7, -128, 0, -128, 5, -128, 7, -128]",esp32_1
CSI_DATA,214690,2025-07-23 16:47:58.892,0,lie_down,00:00:00:00:00:00,-61,11,0,0,0,0,0,0,0,0,0,-97,0,1,0,2666304875,0,14,0,0,0,104,0,"[0, 0, 40, 43, 43, 6, 54, -29, 63, -58, 74, -83, 87, -102, 102, -119, 119, -128, 127, -128, 127, -128, 127, -128, 127, -128, 127, -121, 127, -112, 123, -104, 107, -95, 91, -89, 78, -89, 64, -92, 50, -93, 41, -98, 36, -104, 34, -108, 36, -111, 38, -111, -17, 79, -24, 85, -33, 92, -42, 97, -52, 99, -59, 97, -63, 92, -61, 85, -51, 78, -36, 74, -18, 74, 2, 73, 26, 74, 48, 82, 67, 97, 83, 116, 98, 127, 111, 127, 117, 127, 118, 127, 114, 127, 106, 127, 97, 127, 85, 127, 71, 127, 61, 127]",esp32_1
CSI_DATA,214691,2025-07-23 16:47:58.914,0,lie_down,00:00:00:00:00:00,-62,11,0,0,0,0,0,0,0,0,0,-97,0,1,0,2666340622,0,14,0,0,0,104,0,"[0, 0, 10, 55, 32, 28, 58, 4, 80, -15, 100, -29, 121, -39, 127, -45, 127, -48, 127, -47, 127, -42, 127, -38, 127, -35, 127, -29, 127, -24, 127, -22, 127, -23, 122, -27, 110, -33, 99, -41, 91, -49, 86, -56, 83, -63, 83, -67, 86, -69, 90, -68, -52, 58, -60, 60, -71, 60, -82, 58, -91, 55, -96, 51, -94, 46, -86, 41, -76, 39, -62, 43, -46, 52, -28, 63, -13, 75, -1, 93, 9, 116, 14, 127, 16, 127, 15, 127, 13, 127, 8, 127, 0, 127, -11, 127, -19, 127, -24, 127, -27, 127, -28, 127]",esp32_1
CSI_DATA,214692,2025-07-23 16:47:58.937,0,lie_down,00:00:00:00:00:00,-61,11,0,0,0,0,0,0,0,0,0,-97,0,1,0,2666365101,0,14,0,0,0,104,0,"[0, 0, 9, 62, 31, 34, 57, 10, 82, -7, 105, -18, 127, -27, 127, -32, 127, -34, 127, -32, 127, -27, 127, -22, 127, -17, 127, -11, 127, -7, 127, -7, 127, -9, 127, -14, 118, -22, 108, -32, 101, -41, 96, -48, 95, -53, 96, -57, 99, -58, 101, -56, -51, 61, -61, 64, -72, 64, -84, 63, -93, 60, -97, 55, -96, 50, -91, 46, -81, 43, -66, 44, -51, 55, -34, 67, -18, 78, -5, 96, 5, 118, 11, 127, 13, 127, 13, 127, 9, 127, 0, 127, -10, 127, -19, 127, -27, 127, -32, 127, -33, 127, -34, 127]",esp32_1
CSI_DATA,214693,2025-07-23 16:47:58.964,0,lie_down,00:00:00:00:00:00,-61,11,0,0,0,0,0,0,0,0,0,-97,0,1,0,2666390850,0,14,0,0,0,104,0,"[0, 0, -19, 58, 15, 44, 48, 36, 81, 35, 108, 35, 127, 36, 127, 40, 127, 45, 127, 50, 127, 58, 127, 65, 127, 69, 127, 69, 127, 68, 127, 63, 127, 54, 124, 43, 116, 31, 111, 19, 108, 7, 109, -3, 109, -10, 110, -14, 113, -13, 114, -9, -74, 23, -85, 19, -100, 14, -110, 8, -114, 0, -111, -7, -105, -12, -97, -13, -89, -7, -79, 5, -68, 20, -59, 40, -57, 63, -58, 88, -59, 111, -62, 127, -71, 127, -86, 127, -101, 127, -113, 127, -122, 127, -128, 127, -128, 127, -128, 127, -119, 127, -109, 119]",esp32_1
CSI_DATA,214694,2025-07-23 16:47:58.984,0,lie_down,00:00:00:00:00:00,-62,11,0,0,0,0,0,0,0,0,0,-97,0,1,0,2666437999,0,14,0,0,0,104,0,"[0, 0, 65, -19, 33, -38, 4, -60, -17, -92, -30, -122, -41, -128, -48, -128, -51, -128, -57, -128, -60, -128, -57, -128, -50, -128, -38, -128, -25, -128, -21, -128, -25, -128, -30, -128, -35, -128, -43, -115, -52, -106, -60, -100, -68, -93, -76, -91, -80, -97, -80, -104, 68, 40, 74, 54, 78, 70, 79, 83, 77, 92, 70, 98, 60, 97, 54, 89, 53, 77, 54, 58, 61, 40, 73, 21, 90, 5, 114, -9, 127, -21, 127, -29, 127, -35, 127, -37, 127, -33, 127, -23, 127, -11, 127, -3, 127, -2, 127, -2, 127, 4, 127, 10]",esp32_1
CSI_DATA,214695,2025-07-23 16:47:59.005,0,lie_down,00:00:00:00:00:00,-61,11,0,0,0,0,0,0,0,0,0,-97,0,1,0,2666469205,0,14,0,0,0,104,0,"[0, 0, -33, 61, 3, 52, 39, 47, 70, 50, 96, 55, 122, 61, 127, 67, 127, 74, 127, 83, 127, 92, 127, 100, 127, 104, 127, 104, 127, 98, 127, 90, 124, 81, 115, 69, 108, 55, 106, 42, 105, 31, 107, 22, 111, 15, 113, 12, 114, 12, 115, 14, -78, 21, -89, 16, -102, 8, -111, 0, -116, -7, -116, -12, -110, -16, -100, -16, -91, -11, -85, -1, -76, 17, -68, 36, -66, 55, -69, 77, -73, 102, -78, 127, -89, 127, -105, 127, -120, 127, -128, 127, -128, 127, -128, 127, -128, 127, -128, 127, -128, 127, -128, 110]",esp32_1
CSI_DATA,214696,2025-07-23 16:47:59.031,0,lie_down,00:00:00:00:00:00,-62,11,0,0,0,0,0,0,0,0,0,-97,0,1,0,2666498266,0,14,0,0,0,104,0,"[0, 0, -14, -62, -31, -35, -53, -10, -75, 9, -97, 22, -119, 33, -128, 40, -128, 41, -128, 40, -128, 38, -128, 35, -128, 32, -128, 27, -128, 22, -128, 20, -128, 21, -128, 22, -116, 28, -106, 37, -98, 44, -93, 49, -90, 55, -89, 60, -93, 62, -97, 62, 44, -65, 53, -67, 64, -68, 74, -68, 85, -66, 90, -60, 90, -54, 85, -51, 75, -49, 61, -51, 44, -59, 27, -68, 11, -79, -1, -97, -12, -119, -21, -128, -26, -128, -25, -128, -21, -128, -15, -128, -6, -128, 2, -128, 9, -128, 15, -128, 21, -128, 24, -128]",esp32_1
CSI_DATA,214697,2025-07-23 16:47:59.060,0,lie_down,00:00:00:00:00:00,-62,11,0,0,0,0,0,0,0,0,0,-97,0,1,0,2666525042,0,14,0,0,0,104,0,"[0, 0, 71, -32, 32, -49, -3, -68, -34, -94, -56, -120, -72, -128, -85, -128, -92, -128, -95, -128, -95, -128, -91, -128, -84, -128, -74, -128, -66, -128, -62, -128, -61, -128, -61, -128, -63, -128, -69, -119, -77, -108, -87, -100, -94, -94, -96, -91, -97, -94, -94, -97, 81, 36, 89, 46, 97, 62, 102, 78, 100, 89, 91, 94, 81, 94, 75, 89, 72, 80, 74, 63, 77, 41, 85, 19, 101, -2, 123, -23, 127, -43, 127, -59, 127, -70, 127, -76, 127, -74, 127, -68, 127, -60, 127, -50, 127, -38, 127, -29, 127, -18, 127, -7]",esp32_1
CSI_DATA,214698,2025-07-23 16:47:59.091,0,lie_down,00:00:00:00:00:00,-61,11,0,0,0,0,0,0,0,0,0,-97,0,1,0,2666552656,0,14,0,0,0,104,0,"[0, 0, -44, -52, -50, -15, -60, 18, -71, 45, -85, 68, -99, 87, -117, 101, -128, 109, -128, 112, -128, 114, -128, 114, -128, 112, -128, 104, -128, 95, -128, 88, -126, 82, -111, 78, -98, 77, -86, 81, -75, 83, -68, 86, -64, 91, -61, 95, -63, 97, -66, 97, 11, -80, 17, -87, 25, -94, 35, -98, 44, -101, 51, -98, 54, -91, 51, -84, 40, -79, 24, -74, 5, -74, -14, -78, -34, -83, -55, -92, -74, -105, -90, -123, -102, -128, -112, -128, -117, -128, -115, -128, -109, -128, -101, -128, -91, -128, -80, -128, -68, -128, -58, -128]",esp32_1
CSI_DATA,214699,2025-07-23 16:47:59.119,0,lie_down,00:00:00:00:00:00,-61,11,0,0,0,0,0,0,0,0,0,-97,0,1,0,2666579218,0,14,0,0,0,104,0,"[0, 0, -6, 67, 21, 46, 50, 29, 76, 18, 101, 11, 126, 5, 127, 4, 127, 6, 127, 11, 127, 18, 127, 24, 127, 28, 127, 32, 127, 32, 127, 31, 127, 27, 127, 19, 118, 9, 111, -1, 107, -11, 105, -18, 105, -23, 104, -27, 107, -28, 109, -26, -58, 49, -68, 51, -80, 50, -91, 47, -99, 43, -101, 39, -98, 35, -91, 31, -82, 31, -73, 35, -59, 46, -45, 60, -34, 74, -28, 94, -21, 116, -18, 127, -19, 127, -23, 127, -29, 127, -39, 127, -50, 127, -60, 127, -69, 127, -72, 127, -68, 127, -63, 127]",esp32_1
CSI_DATA,214700,2025-07-23 16:47:59.146,0,lie_down,00:00:00:00:00:00,-61,11,0,0,0,0,0,0,0,0,0,-97,0,1,0,2666613232,0,14,0,0,0,104,0,"[0, 0, 75, -22, 38, -44, 6, -71, -22, -102, -42, -128, -58, -128, -67, -128, -70, -128, -70, -128, -69, -128, -65, -128, -59, -128, -51, -128, -41, -128, -37, -128, -39, -128, -42, -128, -47, -128, -56, -128, -67, -119, -78, -113, -86, -109, -90, -108, -91, -111, -88, -116, 73, 55, 80, 67, 86, 82, 88, 97, 84, 108, 73, 113, 63, 110, 56, 102, 56, 88, 62, 70, 69, 49, 82, 28, 104, 7, 127, -11, 127, -26, 127, -37, 127, -42, 127, -43, 127, -39, 127, -30, 127, -19, 127, -9, 127, 0, 127, 7, 127, 14, 127, 19]",esp32_1
CSI_DATA,214702,2025-07-23 16:47:59.223,0,lie_down,00:00:00:00:00:00,-61,11,0,0,0,0,0,0,0,0,0,-97,0,1,0,2666697674,0,14,0,0,0,104,0,"[0, 0, 70, -31, 36, -42, 2, -55, -21, -77, -33, -103, -46, -123, -56, -128, -62, -128, -70, -128, -74, -128, -70, -128, -64, -128, -50, -128, -33, -128, -28, -128, -31, -128, -32, -122, -32, -115, -37, -105, -47, -98, -55, -94, -64, -85, -72, -81, -74, -87, -72, -93, 73, 18, 82, 28, 90, 40, 94, 51, 92, 59, 84, 66, 75, 69, 71, 68, 68, 58, 66, 37, 67, 14, 70, -3, 81, -20, 99, -36, 115, -49, 127, -60, 127, -69, 127, -76, 127, -74, 127, -68, 127, -59, 127, -51, 127, -52, 127, -54, 127, -47, 127, -37]",esp32_1
CSI_DATA,214703,2025-07-23 16:47:59.246,0,lie_down,00:00:00:00:00:00,-62,11,0,0,0,0,0,0,0,0,0,-97,0,1,0,2666734453,0,14,0,0,0,104,0,"[0, 0, 69, 17, 47, -13, 32, -46, 20, -82, 11, -113, 5, -128, 5, -128, 12, -128, 22, -128, 31, -128, 39, -128, 43, -128, 46, -128, 47, -128, 43, -128, 34, -128, 25, -128, 14, -126, 2, -119, -12, -115, -23, -112, -27, -109, -27, -112, -28, -120, -30, -126, 38, 74, 38, 86, 36, 97, 33, 109, 25, 116, 14, 117, 8, 114, 10, 107, 16, 95, 23, 79, 30, 67, 47, 56, 72, 46, 102, 40, 127, 35, 127, 35, 127, 40, 127, 48, 127, 56, 127, 64, 127, 73, 127, 84, 127, 94, 127, 100, 127, 98, 127, 92]",esp32_1
CSI_DATA,214704,2025-07-23 16:47:59.273,0,lie_down,00:00:00:00:00:00,-62,11,0,0,0,0,0,0,0,0,0,-97,0,1,0,2666762246,0,14,0,0,0,104,0,"[0, 0, -86, 18, -49, 43, -13, 69, 10, 102, 26, 127, 40, 127, 51, 127, 58, 127, 60, 127, 57, 127, 50, 127, 43, 127, 35, 127, 25, 127, 21, 127, 24, 127, 28, 127, 35, 127, 44, 127, 55, 123, 67, 118, 76, 111, 81, 109, 82, 113, 80, 115, -77, -64, -82, -77, -83, -94, -80, -108, -75, -116, -67, -117, -59, -113, -55, -105, -57, -92, -63, -74, -73, -52, -87, -30, -108, -12, -128, 2, -128, 16, -128, 27, -128, 33, -128, 32, -128, 24, -128, 13, -128, 2, -128, -8, -128, -12, -128, -15, -128, -19, -128, -24]",esp32_1
CSI_DATA,214705,2025-07-23 16:47:59.304,0,lie_down,00:00:00:00:00:00,-61,11,0,0,0,0,0,0,0,0,0,-97,0,1,0,2666794313,0,14,0,0,0,104,0,"[0, 0, 58, -40, 22, -49, -7, -63, -33, -77, -56, -91, -73, -109, -83, -126, -91, -128, -98, -128, -99, -128, -97, -128, -90, -128, -80, -128, -74, -128, -68, -128, -62, -128, -58, -119, -57, -105, -60, -95, -65, -83, -73, -73, -83, -71, -88, -72, -88, -73, -86, -76, 78, 15, 85, 22, 93, 30, 98, 39, 98, 49, 93, 58, 84, 63, 76, 61, 71, 51, 71, 36, 72, 19, 73, -3, 78, -26, 88, -46, 100, -62, 115, -77, 127, -90, 127, -102, 127, -107, 127, -102, 127, -95, 127, -88, 127, -81, 127, -73, 127, -60, 127, -49]",esp32_1
CSI_DATA,214706,2025-07-23 16:47:59.335,0,lie_down,00:00:00:00:00:00,-62,11,0,0,0,0,0,0,0,0,0,-97,0,1,0,2666830434,0,14,0,0,0,104,0,"[0, 0, 34, 66, 43, 29, 60, -5, 75, -35, 90, -58, 108, -77, 127, -92, 127, -99, 127, -102, 127, -102, 127, -99, 127, -94, 127, -84, 127, -76, 127, -69, 127, -64, 122, -62, 109, -65, 97, -71, 85, -76, 77, -81, 73, -85, 73, -90, 76, -93, 77, -94, -27, 83, -34, 89, -43, 93, -54, 96, -64, 100, -72, 98, -74, 92, -70, 84, -60, 76, -43, 72, -24, 74, -5, 78, 18, 83, 40, 95, 57, 112, 72, 127, 85, 127, 96, 127, 102, 127, 99, 127, 92, 127, 84, 127, 74, 127, 62, 127, 50, 127, 42, 127]",esp32_1
CSI_DATA,214707,2025-07-23 16:47:59.364,0,lie_down,00:00:00:00:00:00,-62,11,0,0,0,0,0,0,0,0,0,-97,0,1,0,2666855121,0,14,0,0,0,104,0,"[0, 0, 5, 71, 29, 43, 57, 24, 80, 5, 102, -15, 127, -27, 127, -32, 127, -32, 127, -25, 127, -16, 127, -11, 127, -4, 127, 2, 127, 4, 127, 4, 127, 2, 127, -5, 124, -15, 117, -25, 108, -34, 104, -42, 104, -47, 104, -48, 106, -49, 108, -49, -60, 65, -67, 66, -78, 64, -89, 63, -99, 62, -102, 57, -101, 52, -95, 48, -84, 47, -72, 49, -56, 57, -37, 70, -21, 84, -10, 100, 0, 123, 8, 127, 11, 127, 12, 127, 12, 127, 8, 127, 0, 127, -10, 127, -24, 127, -37, 127, -41, 127, -40, 127]",esp32_1
CSI_DATA,214708,2025-07-23 16:47:59.387,0,lie_down,00:00:00:00:00:00,-62,11,0,0,0,0,0,0,0,0,0,-97,0,1,0,2666902107,0,14,0,0,0,104,0,"[0, 0, -70, -26, -58, 3, -47, 34, -45, 64, -49, 89, -54, 111, -63, 127, -72, 127, -72, 127, -74, 127, -81, 127, -90, 127, -98, 127, -101, 127, -96, 127, -83, 114, -72, 106, -63, 102, -51, 97, -41, 96, -32, 95, -22, 94, -16, 98, -18, 106, -23, 111, -33, -73, -31, -84, -27, -92, -22, -100, -15, -105, -7, -107, -1, -101, 0, -93, -5, -82, -18, -68, -34, -62, -50, -54, -67, -47, -92, -47, -114, -53, -128, -62, -128, -72, -128, -80, -128, -90, -128, -103, -128, -114, -128, -117, -128, -111, -128, -106, -128, -102, -128, -97]",esp32_1
CSI_DATA,214709,2025-07-23 16:47:59.419,0,lie_down,00:00:00:00:00:00,-62,11,0,0,0,0,0,0,0,0,0,-97,0,1,0,2666940451,0,14,0,0,0,104,0,"[0, 0, -70, 11, -43, 30, -20, 51, 0, 76, 15, 100, 25, 121, 32, 127, 34, 127, 32, 127, 28, 127, 24, 127, 18, 127, 12, 127, 7, 127, 5, 127, 7, 127, 10, 126, 15, 114, 22, 104, 31, 97, 40, 93, 47, 91, 50, 92, 51, 95, 50, 98, -64, -50, -67, -61, -70, -74, -70, -84, -64, -92, -55, -95, -48, -92, -44, -85, -42, -75, -45, -61, -52, -44, -63, -26, -81, -10, -103, 2, -122, 11, -128, 18, -128, 20, -128, 20, -128, 19, -128, 12, -128, 4, -128, -5, -128, -13, -128, -17, -128, -19, -128, -22]",esp32_1
CSI_DATA,214710,2025-07-23 16:47:59.463,0,lie_down,00:00:00:00:00:00,-62,11,0,0,0,0,0,0,0,0,0,-97,0,1,0,2666976603,0,14,0,0,0,104,0,"[0, 0, -22, 76, 7, 61, 37, 49, 63, 44, 87, 44, 110, 44, 127, 46, 127, 52, 127, 59, 127, 67, 127, 75, 127, 82, 127, 86, 127, 85, 127, 81, 118, 73, 109, 62, 103, 51, 100, 40, 98, 28, 98, 21, 101, 16, 103, 14, 105, 15, 107, 17, -66, 48, -76, 46, -88, 42, -98, 37, -106, 32, -106, 26, -102, 22, -94, 18, -85, 17, -75, 23, -61, 37, -50, 51, -44, 67, -40, 88, -38, 110, -38, 127, -43, 127, -53, 127, -63, 127, -72, 127, -82, 127, -91, 127, -96, 127, -95, 127, -88, 127, -81, 127]",esp32_1
CSI_DATA,214711,2025-07-23 16:47:59.493,0,lie_down,00:00:00:00:00:00,-61,11,0,0,0,0,0,0,0,0,0,-97,0,1,0,2666998869,0,14,0,0,0,104,0,"[0, 0, -73, 34, -43, 46, -15, 60, 11, 81, 33, 101, 49, 118, 61, 127, 67, 127, 67, 127, 64, 127, 60, 127, 54, 127, 48, 127, 42, 127, 36, 127, 34, 127, 34, 127, 39, 115, 45, 103, 51, 95, 58, 90, 63, 88, 66, 88, 66, 91, 65, 93, -79, -30, -85, -38, -93, -51, -96, -63, -94, -71, -87, -75, -78, -75, -71, -71, -68, -62, -68, -48, -68, -29, -73, -8, -86, 10, -103, 28, -120, 44, -128, 58, -128, 66, -128, 70, -128, 71, -128, 68, -128, 62, -128, 54, -128, 44, -128, 35, -128, 26, -128, 19]",esp32_1
CSI_DATA,214712,2025-07-23 16:47:59.526,0,lie_down,00:00:00:00:00:00,-61,11,0,0,0,0,0,0,0,0,0,-97,0,1,0,2667028876,0,14,0,0,0,104,0,"[0, 0, -77, 2, -55, 24, -38, 48, -23, 76, -11, 103, -6, 125, -4, 127, -7, 127, -14, 127, -22, 127, -27, 127, -32, 127, -37, 127, -42, 127, -41, 127, -34, 127, -27, 127, -21, 117, -11, 110, 1, 105, 11, 103, 18, 104, 22, 105, 21, 109, 18, 111, -60, -60, -62, -70, -64, -82, -63, -93, -57, -101, -48, -105, -40, -102, -35, -94, -35, -82, -42, -68, -51, -54, -62, -40, -81, -26, -103, -16, -125, -10, -128, -8, -128, -9, -128, -12, -128, -18, -128, -25, -128, -34, -128, -44, -128, -52, -128, -53, -128, -51, -128, -50]",esp32_1
CSI_DATA,214713,2025-07-23 16:47:59.553,0,lie_down,00:00:00:00:00:00,-61,11,0,0,0,0,0,0,0,0,0,-97,0,1,0,2667049966,0,14,0,0,0,104,0,"[0, 0, 24, -74, -6, -61, -37, -52, -65, -49, -90, -49, -113, -52, -128, -57, -128, -63, -128, -69, -128, -78, -128, -87, -128, -93, -128, -97, -128, -97, -128, -91, -123, -80, -111, -69, -104, -59, -102, -46, -102, -35, -104, -28, -106, -20, -108, -16, -110, -17, -111, -20, 71, -47, 82, -45, 95, -39, 105, -33, 111, -26, 112, -18, 107, -11, 98, -9, 88, -11, 77, -21, 62, -36, 51, -53, 48, -71, 46, -94, 44, -118, 45, -128, 53, -128, 65, -128, 78, -128, 91, -128, 101, -128, 110, -128, 114, -128, 111, -128, 103, -128, 95, -128]",esp32_1
CSI_DATA,214714,2025-07-23 16:47:59.591,0,lie_down,00:00:00:00:00:00,-62,11,0,0,0,0,0,0,0,0,0,-97,0,1,0,2667083325,0,14,0,0,0,104,0,"[0, 0, -71, -38, -60, -2, -57, 32, -53, 61, -49, 90, -53, 119, -63, 127, -80, 127, -100, 127, -111, 127, -117, 127, -116, 127, -112, 127, -109, 127, -99, 127, -87, 127, -70, 113, -52, 108, -38, 111, -26, 110, -17, 115, -13, 119, -15, 116, -17, 118, -19, 118, 2, -96, 8, -102, 16, -111, 25, -114, 35, -116, 39, -109, 38, -103, 35, -102, 28, -95, 14, -86, -3, -77, -25, -75, -51, -78, -77, -80, -103, -88, -125, -102, -128, -119, -128, -128, -128, -128, -128, -128, -128, -128, -128, -128, -128, -128, -128, -128, -112, -128, -102, -128]",esp32_1
CSI_DATA,214715,2025-07-23 16:47:59.616,0,lie_down,00:00:00:00:00:00,-61,11,0,0,0,0,0,0,0,0,0,-97,0,1,0,2667120620,0,14,0,0,0,104,0,"[0, 0, 71, 26, 61, -6, 56, -36, 54, -66, 54, -93, 56, -116, 63, -128, 73, -128, 83, -128, 92, -128, 98, -128, 104, -128, 108, -128, 108, -128, 100, -128, 89, -121, 78, -111, 66, -105, 54, -102, 40, -101, 29, -105, 24, -108, 25, -110, 29, -112, 32, -113, 33, 79, 32, 89, 29, 99, 23, 108, 14, 114, 4, 116, -3, 111, -4, 102, 1, 89, 12, 75, 26, 66, 45, 57, 68, 51, 94, 50, 117, 54, 127, 62, 127, 73, 127, 85, 127, 96, 127, 106, 127, 115, 127, 123, 127, 127, 127, 125, 127, 117, 127, 110]",esp32_1
CSI_DATA,214716,2025-07-23 16:47:59.652,0,lie_down,00:00:00:00:00:00,-62,11,0,0,0,0,0,0,0,0,0,-97,0,1,0,2667157179,0,14,0,0,0,104,0,"[0, 0, -51, 70, -16, 66, 18, 65, 49, 72, 75, 80, 99, 88, 121, 99, 127, 112, 127, 125, 127, 127, 127, 127, 127, 127, 127, 127, 119, 127, 108, 127, 99, 120, 93, 104, 90, 90, 91, 78, 93, 66, 97, 57, 102, 53, 105, 52, 107, 54, 107, 58, -91, 16, -102, 10, -114, -2, -121, -13, -124, -21, -120, -26, -113, -30, -103, -30, -95, -24, -87, -12, -77, 8, -72, 29, -76, 49, -84, 74, -91, 100, -100, 124, -116, 127, -128, 127, -128, 127, -128, 127, -128, 127, -128, 127, -128, 127, -128, 127, -128, 111, -128, 97]",esp32_1
CSI_DATA,214718,2025-07-23 16:47:59.738,0,lie_down,00:00:00:00:00:00,-60,11,0,0,0,0,0,0,0,0,0,-97,0,1,0,2667828857,0,14,0,0,0,104,0,"[0, 0, 32, -83, 5, -79, -21, -78, -44, -81, -65, -85, -85, -93, -101, -103, -115, -110, -122, -118, -125, -128, -124, -128, -120, -128, -112, -128, -102, -128, -93, -128, -83, -121, -76, -109, -73, -97, -73, -85, -77, -75, -82, -69, -86, -66, -87, -64, -87, -67, -85, -70, 71, -48, 82, -46, 96, -40, 107, -33, 113, -26, 112, -18, 106, -12, 97, -9, 87, -11, 77, -20, 67, -35, 59, -53, 57, -72, 60, -94, 64, -115, 70, -128, 83, -128, 98, -128, 111, -128, 122, -128, 127, -128, 127, -128, 127, -128, 127, -128, 121, -128, 112, -114]",esp32_1
CSI_DATA,214719,2025-07-23 16:47:59.763,0,lie_down,00:00:00:00:00:00,-61,11,0,0,0,0,0,0,0,0,0,-97,0,1,0,2667840092,0,14,0,0,0,104,0,"[0, 0, -71, -61, -74, -30, -83, 0, -91, 27, -100, 49, -114, 67, -128, 81, -128, 91, -128, 94, -128, 95, -128, 94, -128, 89, -128, 79, -128, 68, -128, 60, -128, 54, -128, 51, -117, 51, -104, 53, -92, 58, -84, 65, -80, 72, -81, 77, -86, 79, -91, 78, -17, -93, -12, -103, -4, -113, 6, -121, 18, -125, 28, -124, 33, -117, 32, -108, 25, -97, 11, -88, -7, -84, -28, -82, -50, -80, -74, -86, -96, -99, -114, -118, -127, -128, -128, -128, -128, -128, -128, -128, -128, -128, -123, -128, -113, -128, -104, -128, -92, -128, -83, -128]",esp32_1
CSI_DATA,214720,2025-07-23 16:47:59.791,0,lie_down,00:00:00:00:00:00,-61,11,0,0,0,0,0,0,0,0,0,-97,0,1,0,2667848802,0,14,0,0,0,104,0,"[0, 0, 86, 32, 77, 1, 73, -28, 70, -58, 69, -83, 73, -106, 82, -126, 94, -128, 105, -128, 114, -128, 122, -128, 127, -128, 127, -128, 127, -128, 125, -122, 115, -108, 103, -97, 89, -89, 75, -86, 60, -87, 48, -91, 41, -97, 40, -101, 43, -104, 47, -104, 47, 76, 47, 88, 46, 102, 41, 113, 33, 122, 22, 126, 12, 122, 9, 114, 12, 103, 21, 90, 34, 80, 51, 68, 72, 58, 95, 54, 118, 56, 127, 64, 127, 75, 127, 87, 127, 96, 127, 109, 127, 122, 127, 127, 127, 127, 127, 127, 127, 122, 127, 113]",esp32_1
CSI_DATA,214721,2025-07-23 16:47:59.823,0,lie_down,00:00:00:00:00:00,-61,11,0,0,0,0,0,0,0,0,0,-97,0,1,0,2667860178,0,14,0,0,0,104,0,"[0, 0, -87, -15, -68, 11, -53, 38, -40, 68, -30, 97, -24, 122, -25, 127, -30, 127, -37, 127, -44, 127, -50, 127, -56, 127, -62, 127, -67, 127, -67, 127, -62, 127, -55, 127, -44, 117, -30, 109, -16, 102, -4, 100, 4, 102, 7, 106, 7, 110, 4, 114, -57, -69, -58, -80, -59, -95, -58, -107, -51, -116, -41, -121, -32, -119, -27, -112, -28, -100, -34, -86, -43, -73, -56, -59, -76, -46, -99, -37, -122, -32, -128, -31, -128, -35, -128, -41, -128, -48, -128, -57, -128, -66, -128, -75, -128, -83, -128, -85, -128, -83, -128, -81]",esp32_1
CSI_DATA,214722,2025-07-23 16:47:59.853,0,lie_down,00:00:00:00:00:00,-61,11,0,0,0,0,0,0,0,0,0,-97,0,1,0,2667869132,0,14,0,0,0,104,0,"[0, 0, -71, 62, -40, 63, -9, 67, 20, 77, 46, 88, 68, 100, 87, 112, 100, 124, 106, 127, 108, 127, 107, 127, 102, 127, 93, 127, 83, 127, 74, 127, 67, 127, 61, 127, 59, 112, 62, 99, 65, 86, 71, 79, 79, 76, 83, 74, 85, 75, 85, 78, -84, 15, -96, 10, -110, 1, -121, -8, -127, -18, -125, -28, -119, -35, -110, -36, -102, -32, -96, -21, -88, -6, -83, 12, -85, 33, -91, 54, -98, 76, -108, 97, -123, 114, -128, 127, -128, 127, -128, 127, -128, 127, -128, 127, -128, 121, -128, 110, -128, 97, -128, 85]",esp32_1
CSI_DATA,214723,2025-07-23 16:47:59.880,0,lie_down,00:00:00:00:00:00,-61,11,0,0,0,0,0,0,0,0,0,-97,0,1,0,2667879200,0,14,0,144,47,104,0,"[0, 0, 91, -26, 64, -42, 41, -61, 21, -83, 4, -104, -8, -124, -16, -128, -19, -128, -18, -128, -15, -128, -13, -128, -9, -128, -1, -128, 6, -128, 8, -128, 7, -128, 5, -128, 2, -128, -5, -122, -15, -115, -25, -111, -31, -110, -33, -110, -32, -113, -29, -116, 78, 23, 86, 31, 95, 42, 102, 55, 102, 68, 94, 78, 86, 82, 80, 81, 76, 74, 74, 60, 73, 44, 77, 25, 89, 5, 105, -13, 121, -29, 127, -40, 127, -46, 127, -51, 127, -50, 127, -43, 127, -33, 127, -24, 127, -16, 127, -12, 127, -6, 127, 0]",esp32_1
CSI_DATA,214724,2025-07-23 16:47:59.904,0,lie_down,00:00:00:00:00:00,-62,11,0,0,0,0,0,0,0,0,0,-97,0,1,0,2667889088,0,14,0,0,0,104,0,"[0, 0, 81, 50, 78, 18, 83, -10, 87, -37, 93, -59, 102, -80, 114, -96, 127, -105, 127, -109, 127, -112, 127, -112, 127, -110, 127, -103, 127, -93, 127, -85, 127, -79, 126, -75, 117, -73, 107, -74, 95, -78, 89, -81, 86, -84, 85, -85, 90, -84, 96, -83, 41, 73, 41, 84, 39, 97, 34, 109, 26, 118, 16, 125, 7, 125, 2, 119, 3, 109, 11, 97, 21, 87, 37, 76, 58, 67, 82, 65, 104, 68, 124, 79, 127, 94, 127, 109, 127, 122, 127, 127, 127, 127, 127, 127, 127, 127, 127, 127, 127, 127, 118, 127]",esp32_1
CSI_DATA,214726,2025-07-23 16:47:59.986,0,lie_down,00:00:00:00:00:00,-61,11,0,0,0,0,0,0,0,0,0,-97,0,1,0,2667908778,0,14,0,0,0,104,0,"[0, 0, -84, -27, -82, 7, -85, 35, -89, 61, -95, 86, -103, 104, -114, 117, -126, 126, -128, 127, -128, 127, -128, 127, -128, 127, -128, 122, -128, 115, -128, 108, -116, 102, -105, 98, -96, 97, -87, 99, -77, 102, -69, 105, -67, 108, -70, 108, -76, 107, -80, 104, -42, -76, -41, -88, -40, -100, -35, -109, -25, -119, -15, -123, -7, -121, -4, -114, -6, -103, -13, -90, -25, -80, -43, -69, -66, -59, -92, -56, -117, -60, -128, -70, -128, -84, -128, -99, -128, -112, -128, -125, -128, -128, -128, -128, -128, -128, -128, -128, -128, -128, -124, -125]",esp32_1
CSI_DATA,214727,2025-07-23 16:48:00.014,0,lie_down,00:00:00:00:00:00,-62,11,0,0,0,0,0,0,0,0,0,-97,0,1,0,2667918782,0,14,0,0,0,104,0,"[0, 0, 49, 53, 60, 24, 78, -1, 94, -20, 107, -35, 122, -47, 127, -56, 127, -61, 127, -61, 127, -59, 127, -56, 127, -52, 127, -46, 127, -42, 127, -41, 125, -42, 113, -45, 104, -50, 97, -57, 91, -63, 88, -68, 88, -71, 90, -73, 94, -73, 98, -70, -10, 78, -16, 85, -26, 91, -38, 94, -48, 96, -55, 95, -58, 88, -56, 81, -48, 74, -33, 69, -16, 68, 3, 69, 23, 72, 45, 82, 65, 98, 79, 117, 88, 127, 94, 127, 94, 127, 91, 127, 85, 127, 76, 127, 67, 127, 58, 127, 47, 127, 40, 127]",esp32_1
CSI_DATA,214728,2025-07-23 16:48:00.041,0,lie_down,00:00:00:00:00:00,-61,11,0,0,0,0,0,0,0,0,0,-97,0,1,0,2667928878,0,14,0,0,0,104,0,"[0, 0, 19, 67, 42, 45, 69, 28, 92, 17, 113, 9, 127, 3, 127, 1, 127, 2, 127, 6, 127, 13, 127, 18, 127, 21, 127, 22, 127, 21, 127, 18, 127, 13, 120, 3, 112, -7, 107, -15, 102, -24, 102, -31, 105, -35, 107, -36, 111, -35, 114, -33, -48, 67, -58, 68, -70, 67, -80, 65, -90, 63, -95, 59, -93, 52, -87, 44, -77, 41, -62, 44, -44, 52, -27, 61, -12, 72, 1, 90, 12, 113, 18, 127, 20, 127, 18, 127, 13, 127, 3, 127, -8, 127, -18, 127, -26, 127, -32, 127, -32, 127, -29, 127]",esp32_1
CSI_DATA,214729,2025-07-23 16:48:00.073,0,lie_down,00:00:00:00:00:00,-61,11,0,0,0,0,0,0,0,0,0,-97,0,1,0,2667938793,0,14,0,0,0,104,0,"[0, 0, -3, 68, 27, 53, 59, 42, 86, 38, 109, 35, 127, 35, 127, 39, 127, 44, 127, 49, 127, 56, 127, 63, 127, 65, 127, 65, 127, 63, 127, 57, 124, 47, 112, 35, 104, 21, 101, 7, 100, -4, 102, -11, 106, -16, 109, -18, 112, -16, 115, -13, -70, 45, -81, 43, -94, 38, -103, 31, -109, 25, -108, 19, -104, 13, -97, 9, -86, 10, -71, 15, -55, 29, -41, 46, -34, 63, -29, 86, -23, 113, -22, 127, -28, 127, -37, 127, -49, 127, -60, 127, -71, 127, -81, 127, -88, 127, -88, 127, -81, 127, -73, 127]",esp32_1
CSI_DATA,214730,2025-07-23 16:48:00.100,0,lie_down,00:00:00:00:00:00,-62,11,0,0,0,0,0,0,0,0,0,-97,0,1,0,2667948769,0,14,0,0,0,104,0,"[0, 0, 69, -12, 39, -45, 17, -79, -3, -115, -18, -128, -28, -128, -30, -128, -27, -128, -23, -128, -19, -128, -15, -128, -10, -128, -1, -128, 5, -128, 4, -128, -2, -128, -10, -128, -22, -126, -38, -113, -55, -104, -71, -101, -84, -99, -91, -100, -92, -106, -89, -111, 47, 90, 47, 104, 43, 120, 38, 127, 29, 127, 18, 127, 7, 127, 2, 125, 6, 110, 17, 89, 32, 70, 52, 50, 81, 33, 113, 21, 127, 11, 127, 7, 127, 10, 127, 16, 127, 24, 127, 35, 127, 46, 127, 57, 127, 65, 127, 66, 127, 64, 127, 62]",esp32_1
CSI_DATA,214732,2025-07-23 16:48:00.188,0,lie_down,00:00:00:00:00:00,-62,11,0,0,0,0,0,0,0,0,0,-97,0,1,0,2667968820,0,14,0,0,0,104,0,"[0, 0, 17, -45, -16, -34, -48, -26, -79, -23, -108, -21, -128, -23, -128, -28, -128, -34, -128, -44, -128, -55, -128, -63, -128, -69, -128, -72, -128, -72, -128, -67, -128, -58, -112, -45, -99, -31, -91, -16, -84, -2, -83, 10, -84, 20, -85, 26, -89, 31, -92, 32, 76, -1, 85, 5, 94, 14, 101, 24, 106, 34, 104, 41, 98, 45, 93, 45, 85, 41, 76, 31, 67, 15, 61, -3, 60, -21, 62, -43, 64, -68, 67, -94, 77, -116, 91, -128, 102, -128, 110, -128, 119, -128, 127, -128, 127, -128, 127, -128, 118, -113, 108, -99]",esp32_1
CSI_DATA,214733,2025-07-23 16:48:00.216,0,lie_down,00:00:00:00:00:00,-62,11,0,0,0,0,0,0,0,0,0,-97,0,1,0,2667978771,0,14,0,0,0,104,0,"[0, 0, 51, 2, 22, -25, -1, -54, -21, -85, -37, -116, -46, -128, -50, -128, -51, -128, -49, -128, -44, -128, -38, -128, -32, -128, -22, -128, -12, -128, -8, -128, -8, -128, -10, -128, -13, -128, -20, -113, -33, -100, -45, -89, -56, -80, -64, -76, -69, -78, -72, -80, 35, 70, 34, 83, 31, 99, 29, 112, 21, 120, 10, 125, 1, 125, -3, 120, 0, 110, 8, 98, 17, 85, 31, 72, 52, 58, 76, 48, 98, 40, 117, 35, 127, 35, 127, 38, 127, 42, 127, 48, 127, 55, 127, 61, 127, 65, 127, 64, 127, 63, 127, 63]",esp32_1
CSI_DATA,214734,2025-07-23 16:48:00.245,0,lie_down,00:00:00:00:00:00,-62,11,0,0,0,0,0,0,0,0,0,-97,0,1,0,2667991063,0,14,0,0,0,104,0,"[0, 0, 21, 55, 30, 15, 44, -19, 60, -49, 75, -76, 95, -100, 115, -117, 127, -128, 127, -128, 127, -128, 127, -128, 127, -128, 127, -116, 127, -107, 127, -96, 127, -87, 127, -79, 122, -73, 108, -72, 90, -73, 75, -78, 67, -83, 62, -86, 59, -88, 58, -89, -32, 68, -41, 76, -52, 85, -64, 91, -76, 92, -84, 87, -91, 81, -92, 77, -84, 75, -73, 76, -59, 76, -40, 79, -19, 88, -1, 100, 14, 112, 26, 125, 36, 127, 47, 127, 56, 127, 59, 127, 56, 127, 52, 127, 44, 127, 34, 127, 27, 127, 22, 127]",esp32_1
CSI_DATA,214735,2025-07-23 16:48:00.269,0,lie_down,00:00:00:00:00:00,-62,11,0,0,0,0,0,0,0,0,0,-97,0,1,0,2668001381,0,14,0,0,0,104,0,"[0, 0, -57, -25, -41, 4, -29, 34, -21, 66, -15, 95, -15, 120, -18, 127, -24, 127, -33, 127, -43, 127, -51, 127, -57, 127, -64, 127, -72, 127, -74, 127, -70, 127, -63, 127, -56, 122, -48, 114, -37, 107, -25, 103, -17, 100, -12, 98, -10, 99, -10, 98, -33, -56, -35, -67, -36, -81, -35, -92, -30, -101, -23, -106, -16, -106, -14, -103, -18, -97, -25, -91, -31, -84, -42, -76, -59, -69, -79, -65, -96, -65, -111, -68, -126, -73, -128, -78, -128, -83, -128, -89, -128, -98, -128, -105, -128, -110, -128, -107, -128, -99, -119, -94]",esp32_1
CSI_DATA,214737,2025-07-23 16:48:00.372,0,lie_down,00:00:00:00:00:00,-60,11,0,0,0,0,0,0,0,0,0,-97,0,1,0,2668021528,0,14,0,0,0,104,0,"[0, 0, 79, 20, 72, -5, 68, -32, 65, -57, 64, -78, 67, -98, 74, -117, 84, -128, 93, -128, 100, -128, 108, -128, 117, -128, 127, -128, 127, -128, 127, -128, 127, -122, 123, -111, 118, -102, 110, -95, 101, -91, 92, -88, 86, -86, 83, -82, 82, -78, 81, -76, 50, 43, 56, 50, 60, 59, 61, 68, 61, 78, 56, 85, 51, 87, 51, 86, 55, 80, 62, 74, 70, 69, 79, 64, 92, 59, 108, 58, 123, 60, 127, 66, 127, 74, 127, 82, 127, 87, 127, 92, 127, 98, 127, 103, 127, 106, 127, 102, 127, 93, 124, 84]",esp32_1
CSI_DATA,214738,2025-07-23 16:48:00.400,0,lie_down,00:00:00:00:00:00,-60,11,0,0,0,0,0,0,0,0,0,-97,0,1,0,2668029165,0,14,0,0,0,104,0,"[0, 0, 74, -48, 52, -61, 34, -76, 19, -95, 5, -114, -6, -128, -13, -128, -16, -128, -15, -128, -12, -128, -9, -128, -6, -128, 0, -128, 6, -128, 12, -128, 16, -128, 19, -128, 20, -128, 20, -128, 18, -128, 17, -128, 17, -128, 18, -123, 20, -118, 22, -114, 70, -9, 78, -7, 89, -3, 98, 5, 101, 13, 100, 20, 97, 23, 96, 23, 96, 19, 98, 10, 99, -1, 103, -13, 113, -25, 125, -35, 127, -44, 127, -51, 127, -55, 127, -57, 127, -56, 127, -51, 127, -45, 127, -38, 127, -31, 127, -29, 127, -26, 127, -23]",esp32_1
CSI_DATA,214739,2025-07-23 16:48:00.430,0,lie_down,00:00:00:00:00:00,-60,11,0,0,0,0,0,0,0,0,0,-97,0,1,0,2668038782,0,14,0,0,0,104,0,"[0, 0, -59, -69, -73, -46, -89, -29, -105, -16, -120, -4, -128, 6, -128, 13, -128, 15, -128, 15, -128, 15, -128, 14, -128, 12, -128, 10, -128, 6, -128, 4, -128, 2, -128, 1, -128, 0, -128, 0, -128, -1, -128, -3, -128, -4, -128, -7, -127, -12, -123, -17, -12, -79, -6, -86, 1, -94, 7, -101, 14, -105, 20, -104, 21, -100, 18, -97, 13, -93, 2, -92, -12, -96, -26, -101, -38, -108, -51, -120, -62, -128, -70, -128, -75, -128, -75, -128, -72, -128, -66, -128, -58, -128, -50, -128, -43, -128, -37, -128, -33, -128, -30, -128]",esp32_1
CSI_DATA,214740,2025-07-23 16:48:00.462,0,lie_down,00:00:00:00:00:00,-60,11,0,0,0,0,0,0,0,0,0,-97,0,1,0,2668048770,0,14,0,0,0,104,0,"[0, 0, -3, 89, 24, 85, 50, 84, 71, 87, 89, 92, 105, 96, 118, 101, 127, 106, 127, 111, 127, 116, 127, 119, 127, 120, 127, 120, 127, 118, 127, 115, 123, 111, 117, 106, 114, 102, 113, 99, 109, 96, 106, 95, 101, 95, 94, 95, 87, 96, 82, 97, -49, 65, -59, 67, -72, 66, -83, 65, -89, 62, -88, 57, -85, 52, -80, 50, -73, 53, -63, 60, -51, 73, -41, 88, -39, 105, -41, 125, -43, 127, -48, 127, -59, 127, -72, 127, -84, 127, -96, 127, -106, 127, -113, 127, -115, 127, -109, 127, -96, 127, -84, 126]",esp32_1
CSI_DATA,214741,2025-07-23 16:48:00.493,0,lie_down,00:00:00:00:00:00,-60,11,0,0,0,0,0,0,0,0,0,-97,0,1,0,2668067900,0,14,0,0,0,104,0,"[0, 0, -45, -69, -70, -54, -94, -43, -114, -38, -128, -35, -128, -35, -128, -36, -128, -38, -128, -41, -128, -44, -128, -44, -128, -41, -128, -37, -128, -33, -128, -27, -128, -20, -128, -14, -128, -9, -128, -5, -128, -2, -128, -2, -128, -3, -128, -6, -128, -12, -123, -18, 28, -83, 36, -86, 47, -89, 58, -90, 68, -89, 72, -84, 70, -76, 64, -69, 53, -67, 37, -69, 19, -75, 3, -86, -9, -100, -20, -118, -29, -128, -35, -128, -34, -128, -27, -128, -17, -128, -6, -128, 6, -128, 16, -128, 23, -128, 25, -128, 23, -128, 20, -128]",esp32_1
CSI_DATA,214742,2025-07-23 16:48:00.524,0,lie_down,00:00:00:00:00:00,-61,11,0,0,0,0,0,0,0,0,0,-97,0,1,0,2668068788,0,14,0,0,0,104,0,"[0, 0, 61, 32, 74, 1, 93, -24, 109, -42, 123, -56, 127, -67, 127, -73, 127, -76, 127, -77, 127, -76, 127, -77, 127, -76, 127, -73, 127, -74, 127, -75, 120, -78, 112, -81, 107, -86, 102, -90, 99, -91, 97, -91, 97, -90, 98, -88, 100, -84, 102, -78, 0, 89, -7, 96, -15, 101, -24, 105, -34, 108, -41, 105, -42, 97, -39, 89, -28, 81, -10, 75, 10, 74, 32, 76, 57, 81, 80, 94, 98, 113, 111, 127, 122, 127, 127, 127, 127, 127, 117, 127, 105, 127, 92, 127, 80, 127, 69, 127, 59, 127, 52, 127]",esp32_1
